{
  "IsEncrypted": false,
  "Values": {
    "FUNCTIONS_WORKER_RUNTIME": "powershell",
    "FUNCTIONS_EXTENSION_VERSION": "~3",
    "WEBSITE_AUTH_UNAUTHENTICATED_ACTION": "RedirectToLoginPage",
    "WEBSITE_CONTENTAZUREFILECONNECTIONSTRING": "DefaultEndpointsProtocol=https;AccountName=tempusersfunction;AccountKey=G9VIZ32f+7MlkHiWsAju9mndhic4vPC/Lqu/jMaNsPM5RmBLXfEJKA3AH/vLlzFv1h+Z9X4pUIXqN2pGdOFG7A==;EndpointSuffix=core.windows.net",
    "WEBSITE_SITE_NAME": "TechnicalTests",
    "REMOTEDEBUGGINGVERSION": "16.0.30709.132",
    "WEBSITE_AUTH_AUTO_AAD": "False",
    "WEBSITE_AUTH_ENABLED": "True",
    "WEBSITE_AUTH_ALLOWED_AUDIENCES": "https://technicaltests.azurewebsites.net",
    "AzureWebJobsStorage": "DefaultEndpointsProtocol=https;AccountName=tempusersfunction;AccountKey=G9VIZ32f+7MlkHiWsAju9mndhic4vPC/Lqu/jMaNsPM5RmBLXfEJKA3AH/vLlzFv1h+Z9X4pUIXqN2pGdOFG7A==;EndpointSuffix=core.windows.net",
    "ScmType": "None",
    "AzureWebJobs.UserCleanup.Disabled": "0",
    "WEBSITE_CONTENTSHARE": "technicaltestsa8b3",
    "FUNCTIONS_RUNTIME_SCALE_MONITORING_ENABLED": "0",
    "WEBSITE_AUTH_LOGOUT_PATH": "/.auth/logout",
    "WEBSITE_AUTH_DEFAULT_PROVIDER": "AzureActiveDirectory",
    "WEBSITE_SLOT_NAME": "Production",
    "adokey": "xdjvzbmdrzhstwqceelu77x23tice4grjtvbk7f3yve4imo26qya",
    "APPLICATIONINSIGHTS_CONNECTION_STRING": "InstrumentationKey=16facdf1-3971-49ff-9290-811a62077d9d;IngestionEndpoint=https://westeurope-5.in.applicationinsights.azure.com/",
    "WEBSITE_AUTH_FROM_FILE": "false",
    "WEBSITE_AUTH_TOKEN_STORE": "True",
    "WEBSITE_AUTH_OPENID_ISSUER": "https://sts.windows.net/4b137e01-7c99-4f98-82a7-c17a8412a40a/",
    "WEBSITE_AUTH_RUNTIME_VERSION": "~1",
    "APPINSIGHTS_INSTRUMENTATIONKEY": "16facdf1-3971-49ff-9290-811a62077d9d",
    "WEBSITE_AUTH_CLIENT_SECRET": "I--4DJFZxZo-08yn8aD2BDJtdDh460RBy_",
    "WEBSITE_AUTH_CLIENT_ID": "d31c4d17-118e-439f-b319-bf0ee89836c2"
  }
}